-- MySQL Script generated by MySQL Workbench
-- Mon Apr  3 08:13:31 2016
-- Model: New Model    Version: 1.0
-- MySQL Workbench Forward Engineering

SET @OLD_UNIQUE_CHECKS=@@UNIQUE_CHECKS, UNIQUE_CHECKS=0;
SET @OLD_FOREIGN_KEY_CHECKS=@@FOREIGN_KEY_CHECKS, FOREIGN_KEY_CHECKS=0;
SET @OLD_SQL_MODE=@@SQL_MODE, SQL_MODE='TRADITIONAL,ALLOW_INVALID_DATES';

-- -----------------------------------------------------
-- Schema crud_app_schema
-- -----------------------------------------------------
DROP SCHEMA IF EXISTS `crud_app_schema` ;

-- -----------------------------------------------------
-- Schema crud_app_schema
-- -----------------------------------------------------
CREATE SCHEMA IF NOT EXISTS `crud_app_schema` DEFAULT CHARACTER SET utf8 ;
USE `crud_app_schema` ;

-- -----------------------------------------------------
-- Table `crud_app_schema`.`client`
-- -----------------------------------------------------
DROP TABLE IF EXISTS `crud_app_schema`.`client` ;

CREATE TABLE IF NOT EXISTS `crud_app_schema`.`client` (
  `client_id` INT(11) NOT NULL AUTO_INCREMENT,
  `company_name` VARCHAR(50) CHARACTER SET 'utf8' NOT NULL,
  `web_uri` VARCHAR(50) CHARACTER SET 'utf8' NOT NULL,
  `phone_number` VARCHAR(50) CHARACTER SET 'utf8' NOT NULL,
  `street_address` VARCHAR(50) CHARACTER SET 'utf8' NOT NULL,
  `city` VARCHAR(50) CHARACTER SET 'utf8' NOT NULL,
  `state` VARCHAR(50) CHARACTER SET 'utf8' NOT NULL,
  `zip_code` VARCHAR(5) CHARACTER SET 'utf8' NOT NULL,
  PRIMARY KEY (`client_id`))
ENGINE = InnoDB
AUTO_INCREMENT = 8
DEFAULT CHARACTER SET = utf8
COLLATE = utf8_unicode_ci;


-- -----------------------------------------------------
-- Table `crud_app_schema`.`person`
-- -----------------------------------------------------
DROP TABLE IF EXISTS `crud_app_schema`.`person` ;

CREATE TABLE IF NOT EXISTS `crud_app_schema`.`person` (
  `person_id` INT(11) NOT NULL AUTO_INCREMENT,
  `first_name` VARCHAR(50) CHARACTER SET 'utf8' NOT NULL,
  `last_name` VARCHAR(50) CHARACTER SET 'utf8' NOT NULL,
  `email_address` VARCHAR(50) CHARACTER SET 'utf8' NOT NULL,
  `street_address` VARCHAR(50) CHARACTER SET 'utf8' NOT NULL,
  `city` VARCHAR(50) CHARACTER SET 'utf8' NOT NULL,
  `state` VARCHAR(2) CHARACTER SET 'utf8' NOT NULL,
  `zip_code` VARCHAR(5) CHARACTER SET 'utf8' NOT NULL,
  PRIMARY KEY (`person_id`))
ENGINE = InnoDB
AUTO_INCREMENT = 14
DEFAULT CHARACTER SET = utf8
COLLATE = utf8_unicode_ci;


-- -----------------------------------------------------
-- Table `crud_app_schema`.`client_person`
-- -----------------------------------------------------
DROP TABLE IF EXISTS `crud_app_schema`.`client_person` ;

CREATE TABLE IF NOT EXISTS `crud_app_schema`.`client_person` (
  `client_person_id` INT(11) NOT NULL AUTO_INCREMENT,
  `client_id` INT(11) NOT NULL,
  `person_id` INT(11) NOT NULL,
  PRIMARY KEY (`client_person_id`),
  INDEX `fk_client_person_client_idx` (`client_id` ASC),
  INDEX `fk_client_person_person_idx` (`person_id` ASC),
  CONSTRAINT `fk_client_person_client`
    FOREIGN KEY (`client_id`)
    REFERENCES `crud_app_schema`.`client` (`client_id`)
    ON DELETE NO ACTION
    ON UPDATE NO ACTION,
  CONSTRAINT `fk_client_person_person`
    FOREIGN KEY (`person_id`)
    REFERENCES `crud_app_schema`.`person` (`person_id`)
    ON DELETE NO ACTION
    ON UPDATE NO ACTION)
ENGINE = InnoDB
AUTO_INCREMENT = 56
DEFAULT CHARACTER SET = utf8
COLLATE = utf8_unicode_ci;


SET SQL_MODE=@OLD_SQL_MODE;
SET FOREIGN_KEY_CHECKS=@OLD_FOREIGN_KEY_CHECKS;
SET UNIQUE_CHECKS=@OLD_UNIQUE_CHECKS;

/*
-- Query: SELECT * FROM crud_app_schema.client
LIMIT 0, 1000

-- Date: 2016-04-03 08:20
*/
INSERT INTO `client` (`client_id`,`company_name`,`web_uri`,`phone_number`,`street_address`,`city`,`state`,`zip_code`) VALUES (2,'Acme Widgets','www.acme.com','916-555-1234','2012 X Street','Sacramento','CA','95691');
INSERT INTO `client` (`client_id`,`company_name`,`web_uri`,`phone_number`,`street_address`,`city`,`state`,`zip_code`) VALUES (3,'Bill\'s Sports','ww.sport1.com','555-333-6789 ext 3','23 uphill','San Francisco','CA','12344');
INSERT INTO `client` (`client_id`,`company_name`,`web_uri`,`phone_number`,`street_address`,`city`,`state`,`zip_code`) VALUES (4,'Mobil Pet Groomers','www.pets.com','555-444-3333','123 F Street','Lodi','CA','12345');
INSERT INTO `client` (`client_id`,`company_name`,`web_uri`,`phone_number`,`street_address`,`city`,`state`,`zip_code`) VALUES (6,'Janes\'s Car Wash','www.clean.com','916-123-4567','89 Utah Ave','West Sacramento','CA','96785');
INSERT INTO `client` (`client_id`,`company_name`,`web_uri`,`phone_number`,`street_address`,`city`,`state`,`zip_code`) VALUES (7,'Al\'s Pool Hall','www.pool.com','916-999-0000','43 Last Street','Sacramento','CA','95814');

/*
-- Query: SELECT * FROM crud_app_schema.person
LIMIT 0, 1000

-- Date: 2016-04-03 08:21
*/
INSERT INTO `person` (`person_id`,`first_name`,`last_name`,`email_address`,`street_address`,`city`,`state`,`zip_code`) VALUES (2,'Beth','Smith','fake2@aquent.com','123 Any St.','Asheville','NC','28801');
INSERT INTO `person` (`person_id`,`first_name`,`last_name`,`email_address`,`street_address`,`city`,`state`,`zip_code`) VALUES (4,'Amy L','McGuire','fake2@gmail.com','2012 Muscovy Rd','West Sacramento','CA','95691');
INSERT INTO `person` (`person_id`,`first_name`,`last_name`,`email_address`,`street_address`,`city`,`state`,`zip_code`) VALUES (6,'Steve','Smith','dddd@ddd.com','2015 G Street','Reno','NV','22334');
INSERT INTO `person` (`person_id`,`first_name`,`last_name`,`email_address`,`street_address`,`city`,`state`,`zip_code`) VALUES (7,'Mary','Worthington','mw@yahoo.com','890 Front Street','Sac','CA','95414');
INSERT INTO `person` (`person_id`,`first_name`,`last_name`,`email_address`,`street_address`,`city`,`state`,`zip_code`) VALUES (8,'Jack','Spence','333@ddd','444','5555','66','77777');
INSERT INTO `person` (`person_id`,`first_name`,`last_name`,`email_address`,`street_address`,`city`,`state`,`zip_code`) VALUES (9,'Will','Smith','will@me.com','3 East End','Los Angeles','CA','56789');
INSERT INTO `person` (`person_id`,`first_name`,`last_name`,`email_address`,`street_address`,`city`,`state`,`zip_code`) VALUES (10,'Bart','Jones','jones@me.com','8 East End','Los Angeles','CA','56789');
INSERT INTO `person` (`person_id`,`first_name`,`last_name`,`email_address`,`street_address`,`city`,`state`,`zip_code`) VALUES (11,'Jane','Knox','jane@me.com','20 East End','Los Angeles','CA','56789');
INSERT INTO `person` (`person_id`,`first_name`,`last_name`,`email_address`,`street_address`,`city`,`state`,`zip_code`) VALUES (12,'Mel','Jackson','mel@me.com','90 Easy Street','Wilson','AK','45678');
INSERT INTO `person` (`person_id`,`first_name`,`last_name`,`email_address`,`street_address`,`city`,`state`,`zip_code`) VALUES (13,'Wilson','Jones','will@me.com','333 Down Hill','Sacramento','CA','95814');

/*
-- Query: SELECT * FROM crud_app_schema.client_person
LIMIT 0, 1000

-- Date: 2016-04-03 08:20
*/
INSERT INTO `client_person` (`client_person_id`,`client_id`,`person_id`) VALUES (42,3,6);
INSERT INTO `client_person` (`client_person_id`,`client_id`,`person_id`) VALUES (46,2,7);
INSERT INTO `client_person` (`client_person_id`,`client_id`,`person_id`) VALUES (51,4,2);
INSERT INTO `client_person` (`client_person_id`,`client_id`,`person_id`) VALUES (52,2,4);
INSERT INTO `client_person` (`client_person_id`,`client_id`,`person_id`) VALUES (53,3,8);
INSERT INTO `client_person` (`client_person_id`,`client_id`,`person_id`) VALUES (54,6,10);
INSERT INTO `client_person` (`client_person_id`,`client_id`,`person_id`) VALUES (55,6,11);

